CustomerID,Name,Email,Phone,Address,LicenseNumber
1,Matthew Becker,lisa00@gmail.com,08319182081,131 Jason Passage Apt. 253,272244
2,Lori Miller,thunter@yahoo.com,68305616643,91432 Kenneth Spur Suite 971,389602
3,Megan Johnson,thomas16@gonzalez.biz,58458929390,376 Sherry Wells,174775
4,Anthony Gonzalez,chelsea60@gmail.com,09347540873,589 Evans Ford Suite 328,302636
5,Angela Reyes,jill28@hotmail.com,68931321975,435 Nancy Hollow,564691
6,Matthew Steele,perezgregory@yu.com,81926247565,621 Baker Drive,458657
7,Michael Johnson,justin97@mclaughlin.org,31605533394,298 James Road Suite 740,573682
8,Matthew Rosales,apriltorres@gmail.com,48288204955,973 Jones Lodge Suite 081,337870
9,Jennifer Rodriguez,cookjoseph@gmail.com,69074175281,816 Hudson Walks Apt. 466,812670
10,Adam Jenkins Jr.,amanda57@flynn.com,87938939671,109 Michael Walk,561074
11,David Romero,santiagojoseph@hotmail.com,82384104133,991 Herrera Villages Apt. 427,844262
12,Christopher Turner,tonynicholson@phillips.com,92579174769,0080 Victoria Street,215752
13,Richard Rodriguez,cherylgarcia@lewis.info,19040680047,6025 Sarah Courts,803445
14,Renee Anderson,jimenezdaniel@murray.com,69477345904,178 Helen Path,293161
15,Kathy Ayers,amythomas@bradley-espinoza.com,24046856139,982 Jeff Meadows Suite 162,957326
16,Brandon Dixon,jonesdustin@hotmail.com,01709855971,1250 Laura Circles,414635
17,Shannon Williams,taylor11@yahoo.com,97559460310,72508 Jennifer Neck,922858
18,Tracy King,conleytraci@gmail.com,48866862955,7253 Wolfe Forks,661020
19,Michael George,faithmays@herrera-khan.org,00155386796,6304 Larry Station,308755
20,Michael Smith,waynehoward@young-marquez.org,35026342409,97324 Christensen Parkways,745480
21,Bryan Valenzuela,jamesnguyen@hotmail.com,01020244531,316 Yang Squares Suite 969,390384
22,Stephanie Murray,elizabeth34@hotmail.com,64667352387,19873 Richard Fort,495050
23,Craig Brown,qburke@sherman-paul.net,61918897200,87951 Stafford Overpass,914439
24,Lisa Simon,anthonycabrera@gmail.com,48064128488,929 Stokes Springs,764440
25,Nathaniel Wells,phillipsmichelle@chen-payne.org,64731079552,976 Kristen Well Apt. 507,390731
26,Kim Erickson,bonnie22@gmail.com,25339811364,01765 Christina Union Suite 543,944517
27,Samuel Sosa,fitzgeraldandrew@anderson.org,35192361297,9339 April Well,624482
28,Kenneth Villanueva,martha40@ramos.com,54704252662,60072 James Underpass,836552
29,James Fields,jack49@martin.info,35888572910,793 Church Island Suite 335,756894
30,Wendy Graves,cevans@anderson.com,23818014908,26454 Jonathon Cliffs,407293
31,Amy Baker,johnsonrodney@snow.com,35700865984,813 Garner Overpass Apt. 469,356113
32,Justin Chaney,richardthompson@gmail.com,54086555546,668 Thomas Islands Apt. 177,861824
33,Jacqueline Miller,leonardcarolyn@murphy.com,93349584884,9696 Moore Mountain,857108
34,Anna Carroll,williamsdawn@cross.com,84699989116,05230 Davis Squares,620336
35,Robert Brown,vlewis@gmail.com,63933279333,08122 Vargas Gardens,744269
36,Diane Jordan,charles21@fleming-harrington.com,38420677099,12223 Amanda Mission,104985
37,Victoria Duke,brandonjones@nguyen-sharp.com,30098892204,130 Rodriguez Trace,822873
38,William Lowe,lbrown@gmail.com,78247390787,97301 Henderson Avenue Apt. 880,990612
39,Laurie Davis,rivasdaniel@dougherty.biz,22331177535,74868 Melton Valleys,333751
40,Alyssa Horn,emaldonado@williamson.com,80630247442,13406 Timothy Terrace,443509
41,Matthew Obrien,oconnordonna@yahoo.com,55806231677,13271 Tammy Pine Apt. 891,919451
42,Roberto Summers,thompsonchad@yahoo.com,90662420019,470 Thomas Groves,766584
43,Debbie West,john56@parker-conway.biz,11155916110,503 Miller Estates Apt. 734,532995
44,Joseph Gonzalez,robertashannon@holland.com,27800088233,248 Moore Meadows Suite 866,868258
45,Joy Carroll,hilljulie@gmail.com,42853717345,46422 Wright Walk,973104
46,Cole Rowland,nicholashernandez@leon-barron.biz,18398253414,62193 Jonathon Spur,856992
47,John Campos,bhughes@heath.net,95577700399,370 Freeman Passage Apt. 925,908800
48,Michael Henry,samantharoberts@kelley.net,90775410829,848 Rebecca Flats Apt. 420,299236
49,John Sanchez,annoneill@pena.com,90143540674,686 Nathan Shore,329955
50,Thomas Robinson,michael58@hotmail.com,53378331099,5937 Mark Underpass Apt. 055,141046
51,Ronald Guerrero,mjoseph@hotmail.com,99474130071,5015 Hernandez Garden,224435
52,Kathy Hurley,brittney87@ingram-johnson.com,33353444751,358 Bell Point,746237
53,Marcus Ortiz,scottcurtis@gmail.com,67445926263,455 Robles Dale,476726
54,Terri Crawford,spencermoore@yahoo.com,33280181933,33699 Tran Divide,810342
55,Stephanie Williams,michaeljones@yahoo.com,46248533038,38112 Elizabeth Neck Apt. 729,947785
56,Glenn Kline,derekandrews@gmail.com,97229999968,3117 Cynthia Pike Suite 609,530829
57,Lauren Hernandez,deanna76@gmail.com,30010974300,0457 Jamie Brook,216997
58,Dustin James,paynerichard@gmail.com,06443544099,11742 Mark Forks,877693
59,Mr. Raymond Johnson,jacobsonrobert@mcintosh-simpson.com,29717476505,6189 Stephen Canyon Suite 268,666457
60,Casey Oneill PhD,edwardsscott@yahoo.com,22943598760,59241 Crawford Tunnel,475995
61,Summer Smith,angel64@smith.com,49211213086,2128 Steven Spring Suite 279,653769
62,Joseph Bailey,kellymendoza@griffin.org,25290847486,4879 Munoz Shoal Apt. 097,814438
63,David Martinez,christopher65@wilson.com,96767676188,4714 Andrew Turnpike,220588
64,Clifford Mendoza,paulaadams@yahoo.com,15634963184,394 Allen Road,842625
65,Jeff Cruz,laurenmitchell@hotmail.com,09665087093,64594 Taylor Cape Apt. 713,536336
66,Kevin Harris,steven04@west.net,37587367838,884 Jacob Lights Apt. 372,132445
67,Dr. Deanna Hunt,boonebenjamin@gmail.com,24831523219,677 Green Villages,787753
68,Brenda Velazquez,josephwells@yahoo.com,32114321698,137 Brennan Pass,961227
69,Frederick Hill,karenmiller@jimenez.com,89911771589,613 Brian Divide Suite 724,301241
70,Jonathan Jacobs,fwarren@yahoo.com,72773540371,11562 Joshua Courts Apt. 763,453401
71,Charles Meyer,smithsean@hill.com,17609819939,095 Davis Crest Apt. 635,539884
72,Patricia Davis,vincent74@yahoo.com,09127967801,57927 Sarah Lock,321304
73,Robert Dixon,jenniferkeller@yahoo.com,88875843249,3709 Hendricks Green,403801
74,Nicole Martin,rellison@pham.com,58354374406,953 Gibson Hollow Apt. 548,910238
75,Jason French,ryanalisha@watts-peters.com,87888763027,7410 Mary Well,745252
76,Connie Reid,wadedavid@hotmail.com,65017581849,192 Mathis Trail,830678
77,Dennis Riley,michael27@white.com,55519244078,478 Kevin Burgs,445510
78,Karen Edwards,colleenbutler@bates.com,47208305582,0679 Ruiz Skyway Apt. 596,322324
79,Randall Ortiz PhD,oconnorlisa@hotmail.com,56195084346,74271 Miguel Summit,514967
80,Mary Hansen,leeschneider@yahoo.com,37763175440,58936 Gregory Summit,341785
81,Angela Perry,wilsonkristina@hale-jimenez.com,65464156623,7245 Smith River,295555
82,Zachary Dyer,brittanysanchez@frazier-maldonado.com,85747655418,076 Wyatt Ranch,433447
83,Jacob Meyer,michaelromero@willis-brown.com,49569291218,55437 King Dale,576552
84,April Mcdaniel,vincentgregory@hotmail.com,42323341424,920 Torres Stream,449758
85,Edward Williams,william84@hotmail.com,88116006916,45094 Steven Cape Suite 489,285328
86,James Barton,donald71@rhodes-rhodes.com,66971284420,02598 Williams Track,353998
87,Laura Kent,melindabrown@nichols.com,58517412624,352 Reilly Cliff Suite 749,900055
88,Melissa Chen,michael51@hotmail.com,90309575921,6047 Lewis Circle,958566
89,Debbie Drake,pereznancy@gmail.com,71748631995,2798 Palmer River Apt. 301,713323
90,Stacey Schultz,kaitlyn17@hotmail.com,68737265476,96612 Willis Springs,914176
91,Lisa Marsh,ucampbell@contreras-hayes.org,63792671865,7183 Dylan Well Apt. 923,304944
92,Robert Harrell,frankdillon@smith-scott.com,54025668395,4262 Cervantes Pike,823620
93,Christopher Farrell,jenna51@hale.com,21721256823,693 Hinton Rapids,488101
94,Misty Barber,john43@moore.info,03085504557,68686 Velazquez Burgs Suite 781,825319
95,Kelly Fowler,james62@hurley.com,10770937643,987 Scott Junction Suite 615,459330
96,Whitney Lee,amandaortiz@lopez.com,48373262762,833 Victor Forge Apt. 458,793546
97,Katrina Jones,toddtimothy@rivera.info,18808716974,50299 Webb Lane,974932
98,Ricardo Lee,downslori@kelley-farrell.biz,86338281476,5352 Regina Plain Apt. 689,497729
99,Donald Cervantes,renee75@stone.com,70948109463,82335 White Mountains Apt. 849,489222
100,Rebecca Foster PhD,paynejames@yahoo.com,08046488193,75060 Leslie Estate,870612
