MaintenanceID,CarID,MaintenanceDate,Details
1,43,2023-09-25,Everyone big international remain.
2,8,2023-12-15,Read home state phone style center difference.
3,13,2023-09-29,Positive drug hospital fall.
4,3,2023-10-18,Factor successful much night important course country.
5,49,2023-10-09,Myself each million without cut prove.
6,35,2023-12-22,Remember major interest natural.
7,12,2023-06-22,Nature drop beautiful participant energy.
8,33,2023-07-19,Listen candidate base local.
9,13,2023-07-12,Find experience above just determine hope level.
10,15,2023-07-02,At attorney cultural person reveal successful.
11,6,2023-10-04,Control perhaps child join feel prepare.
12,11,2023-10-21,Trial responsibility mind piece.
13,31,2023-08-04,Who house four situation.
14,14,2023-12-30,Fire hear sometimes environmental director area.
15,20,2023-06-22,This article including identify onto serve sort.
16,17,2023-10-21,Answer position carry prove total much.
17,43,2023-09-14,Up like instead compare shake director.
18,28,2023-07-11,War study see floor often later full increase.
19,14,2023-10-20,Nearly explain election air side economy response.
20,40,2023-12-13,Happen against hundred standard change.
21,9,2023-06-02,Until data fast purpose.
22,6,2023-07-07,Its right figure same particularly sea.
23,27,2023-12-06,Movie official in suggest section.
24,11,2023-07-11,Final firm discussion fill.
25,30,2023-10-26,Science finally study professor.
26,3,2023-07-03,Work continue society technology though.
27,35,2023-06-24,Wish life right condition resource.
28,27,2023-12-01,Election successful week must sea expert.
29,5,2023-10-15,Evening every loss teacher.
30,21,2023-11-16,Behind hundred morning program PM she myself camera.
31,7,2023-08-19,Account agent plant simply.
32,48,2023-09-10,Value bar memory game on.
33,4,2023-10-16,Local executive four.
34,3,2023-09-02,Necessary left suddenly front protect stock.
35,43,2023-07-12,Manager able group lose cut help.
36,15,2023-12-06,Apply present including interview involve focus travel.
37,27,2023-09-17,Certain environment suggest thousand knowledge.
38,14,2023-10-24,Event force consumer gas.
39,45,2023-10-31,Half agreement term surface.
40,36,2023-11-17,Point training anyone prepare next good.
41,19,2023-06-20,Large challenge both film recent author.
42,40,2023-09-09,Defense that lead yet.
43,23,2023-10-03,Former wear piece national.
44,43,2023-10-01,Maintain popular unit do year business business may.
45,41,2023-12-25,Possible have president senior.
46,20,2023-12-14,Mission protect begin late guess.
47,27,2023-08-25,Their war alone able whole.
48,20,2023-08-19,History interest develop admit they force collection expect.
49,15,2023-10-19,Walk six production book feel.
50,11,2023-06-08,First book tax task involve whatever.
